[
  {
    "name": "inspire",
    "path": "/inspire",
    "component": "C:\\\\Project\\\\hfk-frontend\\\\ss-sfip\\\\pages\\\\inspire.vue",
    "chunkName": "pages/inspire",
    "_name": "_92205312"
  },
  {
    "name": "fund-list",
    "path": "/fund/list",
    "component": "C:\\\\Project\\\\hfk-frontend\\\\ss-sfip\\\\pages\\\\fund\\\\list.vue",
    "chunkName": "pages/fund/list",
    "_name": "_2c517816"
  },
  {
    "name": "app-apps-Index",
    "path": "/app/apps/Index",
    "component": "C:\\\\Project\\\\hfk-frontend\\\\ss-sfip\\\\pages\\\\app\\\\apps\\\\Index.vue",
    "chunkName": "pages/app/apps/Index",
    "_name": "_31847932"
  },
  {
    "name": "app-apps-Scrumboard",
    "path": "/app/apps/Scrumboard",
    "component": "C:\\\\Project\\\\hfk-frontend\\\\ss-sfip\\\\pages\\\\app\\\\apps\\\\Scrumboard.vue",
    "chunkName": "pages/app/apps/Scrumboard",
    "_name": "_01c60888"
  },
  {
    "name": "app-charts-Charts",
    "path": "/app/charts/Charts",
    "component": "C:\\\\Project\\\\hfk-frontend\\\\ss-sfip\\\\pages\\\\app\\\\charts\\\\Charts.vue",
    "chunkName": "pages/app/charts/Charts",
    "_name": "_fc5cdaf0"
  },
  {
    "name": "app-dashboard-Analytic",
    "path": "/app/dashboard/Analytic",
    "component": "C:\\\\Project\\\\hfk-frontend\\\\ss-sfip\\\\pages\\\\app\\\\dashboard\\\\Analytic.vue",
    "chunkName": "pages/app/dashboard/Analytic",
    "_name": "_0f77cff3"
  },
  {
    "name": "app-dashboard-Index",
    "path": "/app/dashboard/Index",
    "component": "C:\\\\Project\\\\hfk-frontend\\\\ss-sfip\\\\pages\\\\app\\\\dashboard\\\\Index.vue",
    "chunkName": "pages/app/dashboard/Index",
    "_name": "_4012dfdc"
  },
  {
    "name": "app-ecommerce-CartDrawer",
    "path": "/app/ecommerce/CartDrawer",
    "component": "C:\\\\Project\\\\hfk-frontend\\\\ss-sfip\\\\pages\\\\app\\\\ecommerce\\\\CartDrawer.vue",
    "chunkName": "pages/app/ecommerce/CartDrawer",
    "_name": "_4d3987c3"
  },
  {
    "name": "app-ecommerce-Ecommerce",
    "path": "/app/ecommerce/Ecommerce",
    "component": "C:\\\\Project\\\\hfk-frontend\\\\ss-sfip\\\\pages\\\\app\\\\ecommerce\\\\Ecommerce.vue",
    "chunkName": "pages/app/ecommerce/Ecommerce",
    "_name": "_0933e41e"
  },
  {
    "name": "app-ecommerce-EcommerceProductCheckout",
    "path": "/app/ecommerce/EcommerceProductCheckout",
    "component": "C:\\\\Project\\\\hfk-frontend\\\\ss-sfip\\\\pages\\\\app\\\\ecommerce\\\\EcommerceProductCheckout.vue",
    "chunkName": "pages/app/ecommerce/EcommerceProductCheckout",
    "_name": "_8b7e8df2"
  },
  {
    "name": "app-ecommerce-EcommerceProductDetails",
    "path": "/app/ecommerce/EcommerceProductDetails",
    "component": "C:\\\\Project\\\\hfk-frontend\\\\ss-sfip\\\\pages\\\\app\\\\ecommerce\\\\EcommerceProductDetails.vue",
    "chunkName": "pages/app/ecommerce/EcommerceProductDetails",
    "_name": "_79773e91"
  },
  {
    "name": "app-ecommerce-EcommerceProductList",
    "path": "/app/ecommerce/EcommerceProductList",
    "component": "C:\\\\Project\\\\hfk-frontend\\\\ss-sfip\\\\pages\\\\app\\\\ecommerce\\\\EcommerceProductList.vue",
    "chunkName": "pages/app/ecommerce/EcommerceProductList",
    "_name": "_37dd2cdf"
  },
  {
    "name": "app-pages-Blank",
    "path": "/app/pages/Blank",
    "component": "C:\\\\Project\\\\hfk-frontend\\\\ss-sfip\\\\pages\\\\app\\\\pages\\\\Blank.vue",
    "chunkName": "pages/app/pages/Blank",
    "_name": "_a9f3d1a4"
  },
  {
    "name": "app-pages-Pages",
    "path": "/app/pages/Pages",
    "component": "C:\\\\Project\\\\hfk-frontend\\\\ss-sfip\\\\pages\\\\app\\\\pages\\\\Pages.vue",
    "chunkName": "pages/app/pages/Pages",
    "_name": "_7e91bd9e"
  },
  {
    "name": "app-charts-apexChart-ApexAreaChart",
    "path": "/app/charts/apexChart/ApexAreaChart",
    "component": "C:\\\\Project\\\\hfk-frontend\\\\ss-sfip\\\\pages\\\\app\\\\charts\\\\apexChart\\\\ApexAreaChart.vue",
    "chunkName": "pages/app/charts/apexChart/ApexAreaChart",
    "_name": "_20e408b4"
  },
  {
    "name": "app-charts-apexChart-ApexBarChart",
    "path": "/app/charts/apexChart/ApexBarChart",
    "component": "C:\\\\Project\\\\hfk-frontend\\\\ss-sfip\\\\pages\\\\app\\\\charts\\\\apexChart\\\\ApexBarChart.vue",
    "chunkName": "pages/app/charts/apexChart/ApexBarChart",
    "_name": "_4d8c46c6"
  },
  {
    "name": "app-charts-apexChart-ApexChart",
    "path": "/app/charts/apexChart/ApexChart",
    "component": "C:\\\\Project\\\\hfk-frontend\\\\ss-sfip\\\\pages\\\\app\\\\charts\\\\apexChart\\\\ApexChart.vue",
    "chunkName": "pages/app/charts/apexChart/ApexChart",
    "_name": "_7d710433"
  },
  {
    "name": "app-charts-apexChart-ApexColumnChart",
    "path": "/app/charts/apexChart/ApexColumnChart",
    "component": "C:\\\\Project\\\\hfk-frontend\\\\ss-sfip\\\\pages\\\\app\\\\charts\\\\apexChart\\\\ApexColumnChart.vue",
    "chunkName": "pages/app/charts/apexChart/ApexColumnChart",
    "_name": "_9e952086"
  },
  {
    "name": "app-charts-apexChart-ApexLineChart",
    "path": "/app/charts/apexChart/ApexLineChart",
    "component": "C:\\\\Project\\\\hfk-frontend\\\\ss-sfip\\\\pages\\\\app\\\\charts\\\\apexChart\\\\ApexLineChart.vue",
    "chunkName": "pages/app/charts/apexChart/ApexLineChart",
    "_name": "_11beffc2"
  },
  {
    "name": "app-charts-apexChart-ApexMixChart",
    "path": "/app/charts/apexChart/ApexMixChart",
    "component": "C:\\\\Project\\\\hfk-frontend\\\\ss-sfip\\\\pages\\\\app\\\\charts\\\\apexChart\\\\ApexMixChart.vue",
    "chunkName": "pages/app/charts/apexChart/ApexMixChart",
    "_name": "_030c9e9d"
  },
  {
    "name": "app-charts-apexChart-ApexPieChart",
    "path": "/app/charts/apexChart/ApexPieChart",
    "component": "C:\\\\Project\\\\hfk-frontend\\\\ss-sfip\\\\pages\\\\app\\\\charts\\\\apexChart\\\\ApexPieChart.vue",
    "chunkName": "pages/app/charts/apexChart/ApexPieChart",
    "_name": "_0ea3ad26"
  },
  {
    "name": "app-charts-apexChart-ApexRadarChart",
    "path": "/app/charts/apexChart/ApexRadarChart",
    "component": "C:\\\\Project\\\\hfk-frontend\\\\ss-sfip\\\\pages\\\\app\\\\charts\\\\apexChart\\\\ApexRadarChart.vue",
    "chunkName": "pages/app/charts/apexChart/ApexRadarChart",
    "_name": "_3966571a"
  },
  {
    "name": "app-charts-apexChart-ApexRadialBarChart",
    "path": "/app/charts/apexChart/ApexRadialBarChart",
    "component": "C:\\\\Project\\\\hfk-frontend\\\\ss-sfip\\\\pages\\\\app\\\\charts\\\\apexChart\\\\ApexRadialBarChart.vue",
    "chunkName": "pages/app/charts/apexChart/ApexRadialBarChart",
    "_name": "_8cad2f76"
  },
  {
    "name": "app-charts-apexChart-ApexScatterChart",
    "path": "/app/charts/apexChart/ApexScatterChart",
    "component": "C:\\\\Project\\\\hfk-frontend\\\\ss-sfip\\\\pages\\\\app\\\\charts\\\\apexChart\\\\ApexScatterChart.vue",
    "chunkName": "pages/app/charts/apexChart/ApexScatterChart",
    "_name": "_5f5a02fb"
  },
  {
    "name": "app-charts-apexChart-ApexSparklineChart",
    "path": "/app/charts/apexChart/ApexSparklineChart",
    "component": "C:\\\\Project\\\\hfk-frontend\\\\ss-sfip\\\\pages\\\\app\\\\charts\\\\apexChart\\\\ApexSparklineChart.vue",
    "chunkName": "pages/app/charts/apexChart/ApexSparklineChart",
    "_name": "_3a6653f0"
  },
  {
    "name": "app-charts-apexChart-CustomApexChart",
    "path": "/app/charts/apexChart/CustomApexChart",
    "component": "C:\\\\Project\\\\hfk-frontend\\\\ss-sfip\\\\pages\\\\app\\\\charts\\\\apexChart\\\\CustomApexChart.vue",
    "chunkName": "pages/app/charts/apexChart/CustomApexChart",
    "_name": "_611f7d02"
  },
  {
    "name": "app-pages-account-Account",
    "path": "/app/pages/account/Account",
    "component": "C:\\\\Project\\\\hfk-frontend\\\\ss-sfip\\\\pages\\\\app\\\\pages\\\\account\\\\Account.vue",
    "chunkName": "pages/app/pages/account/Account",
    "_name": "_3baaba14"
  },
  {
    "name": "app-pages-account-AccountData",
    "path": "/app/pages/account/AccountData",
    "component": "C:\\\\Project\\\\hfk-frontend\\\\ss-sfip\\\\pages\\\\app\\\\pages\\\\account\\\\AccountData.vue",
    "chunkName": "pages/app/pages/account/AccountData",
    "_name": "_4a34b2c0"
  },
  {
    "name": "app-pages-account-AccountHome",
    "path": "/app/pages/account/AccountHome",
    "component": "C:\\\\Project\\\\hfk-frontend\\\\ss-sfip\\\\pages\\\\app\\\\pages\\\\account\\\\AccountHome.vue",
    "chunkName": "pages/app/pages/account/AccountHome",
    "_name": "_7ad1d516"
  },
  {
    "name": "app-pages-account-AccountPayment",
    "path": "/app/pages/account/AccountPayment",
    "component": "C:\\\\Project\\\\hfk-frontend\\\\ss-sfip\\\\pages\\\\app\\\\pages\\\\account\\\\AccountPayment.vue",
    "chunkName": "pages/app/pages/account/AccountPayment",
    "_name": "_78d4a360"
  },
  {
    "name": "app-pages-account-AccountPeople",
    "path": "/app/pages/account/AccountPeople",
    "component": "C:\\\\Project\\\\hfk-frontend\\\\ss-sfip\\\\pages\\\\app\\\\pages\\\\account\\\\AccountPeople.vue",
    "chunkName": "pages/app/pages/account/AccountPeople",
    "_name": "_61aad8b6"
  },
  {
    "name": "app-pages-account-AccountPersonalInfo",
    "path": "/app/pages/account/AccountPersonalInfo",
    "component": "C:\\\\Project\\\\hfk-frontend\\\\ss-sfip\\\\pages\\\\app\\\\pages\\\\account\\\\AccountPersonalInfo.vue",
    "chunkName": "pages/app/pages/account/AccountPersonalInfo",
    "_name": "_241e1bb8"
  },
  {
    "name": "app-pages-account-AccountSecurity",
    "path": "/app/pages/account/AccountSecurity",
    "component": "C:\\\\Project\\\\hfk-frontend\\\\ss-sfip\\\\pages\\\\app\\\\pages\\\\account\\\\AccountSecurity.vue",
    "chunkName": "pages/app/pages/account/AccountSecurity",
    "_name": "_1ba8df54"
  },
  {
    "name": "app-pages-faq-Faq",
    "path": "/app/pages/faq/Faq",
    "component": "C:\\\\Project\\\\hfk-frontend\\\\ss-sfip\\\\pages\\\\app\\\\pages\\\\faq\\\\Faq.vue",
    "chunkName": "pages/app/pages/faq/Faq",
    "_name": "_7bf0dc16"
  },
  {
    "name": "app-pages-faq-FaqOne",
    "path": "/app/pages/faq/FaqOne",
    "component": "C:\\\\Project\\\\hfk-frontend\\\\ss-sfip\\\\pages\\\\app\\\\pages\\\\faq\\\\FaqOne.vue",
    "chunkName": "pages/app/pages/faq/FaqOne",
    "_name": "_35ac58c0"
  },
  {
    "name": "app-pages-faq-FaqThree",
    "path": "/app/pages/faq/FaqThree",
    "component": "C:\\\\Project\\\\hfk-frontend\\\\ss-sfip\\\\pages\\\\app\\\\pages\\\\faq\\\\FaqThree.vue",
    "chunkName": "pages/app/pages/faq/FaqThree",
    "_name": "_76e2e350"
  },
  {
    "name": "app-pages-faq-FaqTwo",
    "path": "/app/pages/faq/FaqTwo",
    "component": "C:\\\\Project\\\\hfk-frontend\\\\ss-sfip\\\\pages\\\\app\\\\pages\\\\faq\\\\FaqTwo.vue",
    "chunkName": "pages/app/pages/faq/FaqTwo",
    "_name": "_04dcf6f4"
  },
  {
    "name": "app-pages-invoice-EditInvoice",
    "path": "/app/pages/invoice/EditInvoice",
    "component": "C:\\\\Project\\\\hfk-frontend\\\\ss-sfip\\\\pages\\\\app\\\\pages\\\\invoice\\\\EditInvoice.vue",
    "chunkName": "pages/app/pages/invoice/EditInvoice",
    "_name": "_95b51be8"
  },
  {
    "name": "app-pages-invoice-Invoice",
    "path": "/app/pages/invoice/Invoice",
    "component": "C:\\\\Project\\\\hfk-frontend\\\\ss-sfip\\\\pages\\\\app\\\\pages\\\\invoice\\\\Invoice.vue",
    "chunkName": "pages/app/pages/invoice/Invoice",
    "_name": "_7a1ac2f6"
  },
  {
    "name": "app-pages-invoice-InvoiceVerOne",
    "path": "/app/pages/invoice/InvoiceVerOne",
    "component": "C:\\\\Project\\\\hfk-frontend\\\\ss-sfip\\\\pages\\\\app\\\\pages\\\\invoice\\\\InvoiceVerOne.vue",
    "chunkName": "pages/app/pages/invoice/InvoiceVerOne",
    "_name": "_c4ca224e"
  },
  {
    "name": "app-pages-invoice-InvoiceVerTwo",
    "path": "/app/pages/invoice/InvoiceVerTwo",
    "component": "C:\\\\Project\\\\hfk-frontend\\\\ss-sfip\\\\pages\\\\app\\\\pages\\\\invoice\\\\InvoiceVerTwo.vue",
    "chunkName": "pages/app/pages/invoice/InvoiceVerTwo",
    "_name": "_93fac082"
  },
  {
    "name": "app-pages-list-List",
    "path": "/app/pages/list/List",
    "component": "C:\\\\Project\\\\hfk-frontend\\\\ss-sfip\\\\pages\\\\app\\\\pages\\\\list\\\\List.vue",
    "chunkName": "pages/app/pages/list/List",
    "_name": "_0e0266d2"
  },
  {
    "name": "app-pages-list-ListColumnOne",
    "path": "/app/pages/list/ListColumnOne",
    "component": "C:\\\\Project\\\\hfk-frontend\\\\ss-sfip\\\\pages\\\\app\\\\pages\\\\list\\\\ListColumnOne.vue",
    "chunkName": "pages/app/pages/list/ListColumnOne",
    "_name": "_774bd2ae"
  },
  {
    "name": "app-pages-list-ListColumnRow",
    "path": "/app/pages/list/ListColumnRow",
    "component": "C:\\\\Project\\\\hfk-frontend\\\\ss-sfip\\\\pages\\\\app\\\\pages\\\\list\\\\ListColumnRow.vue",
    "chunkName": "pages/app/pages/list/ListColumnRow",
    "_name": "_18b10422"
  },
  {
    "name": "app-pages-list-ListColumnThree",
    "path": "/app/pages/list/ListColumnThree",
    "component": "C:\\\\Project\\\\hfk-frontend\\\\ss-sfip\\\\pages\\\\app\\\\pages\\\\list\\\\ListColumnThree.vue",
    "chunkName": "pages/app/pages/list/ListColumnThree",
    "_name": "_562d01e6"
  },
  {
    "name": "app-pages-list-ListColumnTwo",
    "path": "/app/pages/list/ListColumnTwo",
    "component": "C:\\\\Project\\\\hfk-frontend\\\\ss-sfip\\\\pages\\\\app\\\\pages\\\\list\\\\ListColumnTwo.vue",
    "chunkName": "pages/app/pages/list/ListColumnTwo",
    "_name": "_e098f8d8"
  },
  {
    "name": "app-pages-pricing-Pricing",
    "path": "/app/pages/pricing/Pricing",
    "component": "C:\\\\Project\\\\hfk-frontend\\\\ss-sfip\\\\pages\\\\app\\\\pages\\\\pricing\\\\Pricing.vue",
    "chunkName": "pages/app/pages/pricing/Pricing",
    "_name": "_733bcf16"
  },
  {
    "name": "app-pages-pricing-PricingVerOne",
    "path": "/app/pages/pricing/PricingVerOne",
    "component": "C:\\\\Project\\\\hfk-frontend\\\\ss-sfip\\\\pages\\\\app\\\\pages\\\\pricing\\\\PricingVerOne.vue",
    "chunkName": "pages/app/pages/pricing/PricingVerOne",
    "_name": "_3ceb3a0e"
  },
  {
    "name": "app-pages-pricing-PricingVerThree",
    "path": "/app/pages/pricing/PricingVerThree",
    "component": "C:\\\\Project\\\\hfk-frontend\\\\ss-sfip\\\\pages\\\\app\\\\pages\\\\pricing\\\\PricingVerThree.vue",
    "chunkName": "pages/app/pages/pricing/PricingVerThree",
    "_name": "_2b08ab71"
  },
  {
    "name": "app-pages-pricing-PricingVerTwo",
    "path": "/app/pages/pricing/PricingVerTwo",
    "component": "C:\\\\Project\\\\hfk-frontend\\\\ss-sfip\\\\pages\\\\app\\\\pages\\\\pricing\\\\PricingVerTwo.vue",
    "chunkName": "pages/app/pages/pricing/PricingVerTwo",
    "_name": "_0c1bd842"
  },
  {
    "name": "app-pages-profile-Profile",
    "path": "/app/pages/profile/Profile",
    "component": "C:\\\\Project\\\\hfk-frontend\\\\ss-sfip\\\\pages\\\\app\\\\pages\\\\profile\\\\Profile.vue",
    "chunkName": "pages/app/pages/profile/Profile",
    "_name": "_36ea8e76"
  },
  {
    "name": "app-pages-profile-ProfileOne",
    "path": "/app/pages/profile/ProfileOne",
    "component": "C:\\\\Project\\\\hfk-frontend\\\\ss-sfip\\\\pages\\\\app\\\\pages\\\\profile\\\\ProfileOne.vue",
    "chunkName": "pages/app/pages/profile/ProfileOne",
    "_name": "_6ca68540"
  },
  {
    "name": "app-pages-profile-ProfileTwo",
    "path": "/app/pages/profile/ProfileTwo",
    "component": "C:\\\\Project\\\\hfk-frontend\\\\ss-sfip\\\\pages\\\\app\\\\pages\\\\profile\\\\ProfileTwo.vue",
    "chunkName": "pages/app/pages/profile/ProfileTwo",
    "_name": "_f5e393b4"
  },
  {
    "name": "app-pages-projects-Overview",
    "path": "/app/pages/projects/Overview",
    "component": "C:\\\\Project\\\\hfk-frontend\\\\ss-sfip\\\\pages\\\\app\\\\pages\\\\projects\\\\Overview.vue",
    "chunkName": "pages/app/pages/projects/Overview",
    "_name": "_7493e809"
  },
  {
    "name": "app-pages-projects-Projects",
    "path": "/app/pages/projects/Projects",
    "component": "C:\\\\Project\\\\hfk-frontend\\\\ss-sfip\\\\pages\\\\app\\\\pages\\\\projects\\\\Projects.vue",
    "chunkName": "pages/app/pages/projects/Projects",
    "_name": "_0774aa8a"
  },
  {
    "name": "app-pages-projects-Todo",
    "path": "/app/pages/projects/Todo",
    "component": "C:\\\\Project\\\\hfk-frontend\\\\ss-sfip\\\\pages\\\\app\\\\pages\\\\projects\\\\Todo.vue",
    "chunkName": "pages/app/pages/projects/Todo",
    "_name": "_44263056"
  },
  {
    "name": "app-pages-widgets-General",
    "path": "/app/pages/widgets/General",
    "component": "C:\\\\Project\\\\hfk-frontend\\\\ss-sfip\\\\pages\\\\app\\\\pages\\\\widgets\\\\General.vue",
    "chunkName": "pages/app/pages/widgets/General",
    "_name": "_07826a22"
  },
  {
    "name": "app-pages-widgets-WidgetCharts",
    "path": "/app/pages/widgets/WidgetCharts",
    "component": "C:\\\\Project\\\\hfk-frontend\\\\ss-sfip\\\\pages\\\\app\\\\pages\\\\widgets\\\\WidgetCharts.vue",
    "chunkName": "pages/app/pages/widgets/WidgetCharts",
    "_name": "_2690407c"
  },
  {
    "name": "app-pages-widgets-Widgets",
    "path": "/app/pages/widgets/Widgets",
    "component": "C:\\\\Project\\\\hfk-frontend\\\\ss-sfip\\\\pages\\\\app\\\\pages\\\\widgets\\\\Widgets.vue",
    "chunkName": "pages/app/pages/widgets/Widgets",
    "_name": "_dc391594"
  },
  {
    "name": "app-pages-widgets-WidgetsTable",
    "path": "/app/pages/widgets/WidgetsTable",
    "component": "C:\\\\Project\\\\hfk-frontend\\\\ss-sfip\\\\pages\\\\app\\\\pages\\\\widgets\\\\WidgetsTable.vue",
    "chunkName": "pages/app/pages/widgets/WidgetsTable",
    "_name": "_6f56b130"
  },
  {
    "name": "fund-id",
    "path": "/fund/:id?",
    "component": "C:\\\\Project\\\\hfk-frontend\\\\ss-sfip\\\\pages\\\\fund\\\\_id.vue",
    "chunkName": "pages/fund/_id",
    "_name": "_7a152772"
  },
  {
    "name": "index",
    "path": "/",
    "component": "C:\\\\Project\\\\hfk-frontend\\\\ss-sfip\\\\pages\\\\index.vue",
    "chunkName": "pages/index",
    "_name": "_be9ee4a2"
  }
]
