{
  "NuxtLogo": {
    "description": "Auto imported from components/NuxtLogo.vue"
  },
  "Tutorial": {
    "description": "Auto imported from components/Tutorial.vue"
  },
  "VuetifyLogo": {
    "description": "Auto imported from components/VuetifyLogo.vue"
  },
  "CardAnalyticCardVersionOne": {
    "description": "Auto imported from components/card/AnalyticCardVersionOne.vue"
  },
  "CardAnalyticCardVersionTwo": {
    "description": "Auto imported from components/card/AnalyticCardVersionTwo.vue"
  },
  "CardAvatarGroupCard": {
    "description": "Auto imported from components/card/AvatarGroupCard.vue"
  },
  "CardBasicInfoCard": {
    "description": "Auto imported from components/card/BasicInfoCard.vue"
  },
  "CardChartCard": {
    "description": "Auto imported from components/card/ChartCard.vue"
  },
  "CardCryptoCurrencyCard": {
    "description": "Auto imported from components/card/CryptoCurrencyCard.vue"
  },
  "CardDonationCard": {
    "description": "Auto imported from components/card/DonationCard.vue"
  },
  "CardLmsCard": {
    "description": "Auto imported from components/card/LmsCard.vue"
  },
  "CardPriceCard": {
    "description": "Auto imported from components/card/PriceCard.vue"
  },
  "CardTestCard": {
    "description": "Auto imported from components/card/TestCard.vue"
  },
  "StorybookButton": {
    "description": "Auto imported from components/Storybook/Button.vue"
  },
  "StorybookTest": {
    "description": "Auto imported from components/Storybook/Test.vue"
  },
  "CardListCard": {
    "description": "Auto imported from components/card/listCard/ListCard.vue"
  },
  "CardListCardRow": {
    "description": "Auto imported from components/card/listCard/ListCardRow.vue"
  },
  "CardListCardThree": {
    "description": "Auto imported from components/card/listCard/ListCardThree.vue"
  },
  "CardListCardTwo": {
    "description": "Auto imported from components/card/listCard/ListCardTwo.vue"
  }
}
